,MAE_Test,RMSE_Test,R2_Test
Linear Regression,2.639427138389622e-13,3.6153385384458537e-13,1.0
Random Forest,0.010421112753476893,0.26744549511811844,0.9999998779824644
XGBoost,0.03941957377438924,1.1778214729581857,0.9999976334776487
LightGBM,0.1104111475627594,0.9554047621757744,0.9999984428642398
