,MAE_Val,RMSE_Val,R2_Val
Linear Regression,2.7080901623741316e-13,3.6682719927449976e-13,1.0
Random Forest,0.025573423814331014,0.6788211621711522,0.9999992324014423
XGBoost,0.03156488730805562,0.6595704205956044,0.9999992753208841
LightGBM,0.08320203264440242,0.9232546464449587,0.9999985800717225
