Model,MAE,RMSE,R2
Linear Regression,22.02961706730325,30.193035530656235,0.8896847039086311
Random Forest,6.729286888888893,14.08638376911297,0.9759883938577633
XGBoost,5.914835159979906,11.44132762903489,0.984159276152452
LightGBM,6.009110516530176,11.133009003336603,0.9850015182354838
