Model,MAE,RMSE,R2
Linear Regression,21.706733395876586,28.568175076160934,0.9066285904786124
Random Forest,6.72441861111112,17.450623229956012,0.9651605892257575
XGBoost,6.160164450751406,17.40637463590638,0.965337046015278
LightGBM,5.790543707913058,14.833213882862427,0.9748279007537951
